epoch,train_loss,val_loss,val_oa,val_macro_f1,val_weighted_f1
1,1.3889396690059435,0.6912169893243898,0.8147055049403311,0.5602844159838277,0.8012793828210418
2,0.7509201556127534,0.6069021077725516,0.8167586295393302,0.5834647868766646,0.8179041996280723
3,0.625011206734739,0.7431579934124534,0.7891697677402797,0.5718744538628555,0.7996782012151664
4,0.5476447481687378,0.5828554129626136,0.8112408571795201,0.5704880875524534,0.8122675342957318
5,0.47540444868707804,0.547643082863396,0.8306172205825741,0.5922865157825237,0.830634338901649
6,0.4460948345074912,0.5528320034936713,0.8462722956499422,0.6076664609453326,0.8446272215186066
7,0.4115884851982932,0.5797936636174161,0.8483254202489413,0.6158872734425019,0.8488640376073359
8,0.3439703005575527,0.5113604407306738,0.8395996407031951,0.6333281151093935,0.8488617731371509
9,0.31801839015434286,0.5174663467929661,0.835493391505197,0.6396390404481863,0.8485074645136073
10,0.3013724994709083,0.6507624629325065,0.8098293340177082,0.6152390457269977,0.8227844822691123
11,0.3232307354103468,0.5601780477036558,0.8404978827152573,0.6262451672986971,0.846771031113462
12,0.27220985257852465,0.5076773183813525,0.8538431926087514,0.665323081360377,0.8629266603348452
13,0.26436698461111047,0.5876686415571949,0.8404978827152573,0.6305810338286281,0.8440889982743142
14,0.23436512657123212,0.5456977936414836,0.8464006159373797,0.6447004868351165,0.8546948467519173
15,0.21972628169916078,0.6276093298260409,0.8266392916720133,0.6320619118044788,0.8397947017221654
16,0.23020951410462656,0.6761976404595472,0.8644937764660593,0.6520713029932763,0.8632004246895518
17,0.20760154211697918,0.6591405361138583,0.828564095983575,0.6284975137197159,0.8397774414269334
18,0.18950505950240779,0.6594917588789507,0.8316437828820736,0.6439860303069059,0.8435446788272827
19,0.19198295238911808,0.6537833428938135,0.8602592069806236,0.6598414088348562,0.863938537845889
20,0.18718892177574717,0.5988832470270998,0.8446041319132555,0.6449227205578633,0.8559884862024725
21,0.1546002631888977,0.6845181671421467,0.8206082381624534,0.6243682666940877,0.8352258379294685
22,0.1798822676610174,0.5975721499529912,0.8474271782368793,0.6625918686081463,0.860537228717128
23,0.14955788320593172,0.5852396590697773,0.8416527653021942,0.6447209466912236,0.8500571817799812
24,0.1381356624673833,0.685971694886543,0.85140510714744,0.6556316811162664,0.8590065966591737
25,0.130383790259167,0.5896846213320409,0.8576928012318747,0.6712250203736805,0.8687068151780978
26,0.13077808716394554,0.8987858114208249,0.8206082381624534,0.6264674361185654,0.83216242032694
27,0.12300356355856876,0.6522720601013745,0.8632105735916848,0.6673174984646718,0.870025035127781
28,0.10955032127207685,0.6205524679235144,0.8601308866931862,0.6721617046897357,0.86942547186382
29,0.12926634407176488,0.6856747649856273,0.8542281534710637,0.6762552615131626,0.8641777153892322
30,0.10840403472034153,0.7671499971751805,0.8677017836519954,0.6619068955549062,0.8701105285142063
31,0.12849802759219808,0.6899025032316414,0.8538431926087514,0.6491686292456766,0.8588547820868282
32,0.11338022624675008,0.724521509273035,0.858334402669062,0.647867051667986,0.8638880280048843
33,0.12812266697782373,0.6444334152501227,0.8728345951494931,0.6621009059360383,0.8749789309567634
34,0.12400520959050249,0.6623912066374976,0.8546131143333761,0.6644901445526521,0.8614891689143781
35,0.11446535977636248,0.5869231873034789,0.8820736558449891,0.6918641704385121,0.8876116450853546
36,0.09693717523691173,0.841582774074587,0.8478121390991916,0.6276745699023187,0.8491729370207107
37,0.12734901420427536,0.6113646526641741,0.8660336199153086,0.6750294837062811,0.8761809208638675
38,0.08383714413434223,0.6537795252331874,0.8746310791736174,0.68886726257898,0.8800244632497095
39,0.08389287934004509,0.6129477561355806,0.8792506095213654,0.6987248859935802,0.8886187882428481
40,0.07816344340245931,0.7756753401302042,0.8628256127293725,0.6580079546951537,0.8724782194279901
41,0.0817156873150366,0.6738476951853969,0.8553830360580008,0.6743769624974743,0.8661722980519556
42,0.07112434934441726,0.6688885964066265,0.8843834210188631,0.6903451803679395,0.887564616298983
43,0.07277219796580732,0.7595529330194567,0.8698832285384319,0.6722809471259658,0.8762436684717332
44,0.05847444317521355,0.8376854674057888,0.8696265879635571,0.682292207456029,0.8754187125223072
45,0.06389787062139246,0.6719281790235122,0.8597459258308738,0.6780165670885603,0.8715493568251137
46,0.19591083078562807,0.6703451475452694,0.8538431926087514,0.6600927643474812,0.864804970878065
47,0.0682405205774515,0.6917328891033285,0.8905427948158604,0.6937539569679569,0.892264728320222
48,0.06244179161947024,0.7286760612646551,0.8796355703836777,0.6869670930717895,0.8821644887551675
49,0.07868880681112109,0.6252195549326085,0.8715513922751187,0.6777083411974772,0.8738917767144344
50,0.07708502466219683,0.7459795740211183,0.878865648659053,0.6850157006617833,0.8820884084142009
51,0.056271774947317534,0.6879729993971567,0.8789939689464904,0.6988463272903953,0.8859520375211429
52,0.05559580047761301,0.8174823057504186,0.8483254202489413,0.6810469808489859,0.8680615169173928
53,0.08066865972941652,0.6935302727174564,0.8842551007314257,0.6966588068462222,0.8885837695250834
54,0.046775454032557104,1.0829993554925355,0.826254330809701,0.6357099050182953,0.8369187982253786
55,0.05459734841470488,0.8625983893703033,0.8780957269344283,0.6905065847245235,0.8819382836256053
56,0.05871975070219662,0.8664493484572494,0.8601308866931862,0.6602164206204647,0.8659832968886948
57,0.05306667967466762,0.7845335876729118,0.8827152572821763,0.6954500057757055,0.8852673620053598
58,0.08745916037419006,0.726633807461407,0.8693699473886821,0.688623191808228,0.8806991209928411
59,0.05961255537595013,0.8167728058059529,0.8745027588861799,0.6964134232173887,0.8827266496798164
60,0.05632326535656758,0.8360735817552817,0.8819453355575516,0.681067318645283,0.8839728007294607
61,0.09661060238578383,0.7833974362721222,0.8859232644681124,0.6951790149621638,0.8882216142418338
62,0.03798833151542201,0.9463915296917126,0.867316822789683,0.6690311698396431,0.8704156846675926
63,0.07542909726957239,0.8466191138082644,0.8872064673424869,0.694946358391391,0.8917115191539947
64,0.03752374645002724,0.8693957947983262,0.8918259976902349,0.7028108387249347,0.892983016251533
65,0.0655732884721764,0.8327833300621026,0.8841267804439882,0.6962022123958826,0.889840976567043
66,0.05248356796782404,0.8714805764010494,0.8951623251636084,0.6988948543260405,0.8953615178724517
67,0.052125909043171166,0.8031815775441212,0.8887463107917362,0.6906693278418158,0.8901720946607008
68,0.03430247487293729,0.8177176492454528,0.8818170152701142,0.705397151417997,0.8867493811863625
69,0.1121814615357057,0.5444775128866056,0.8668035416399332,0.690930965558238,0.8732379659925886
70,0.043651674480808096,0.7437681957077423,0.895932246888233,0.7157647292831446,0.8987076554434428
71,0.034080364466394605,0.8443570040541316,0.8816886949826768,0.6971088065829903,0.8874627503560281
72,0.04907860807937228,0.8397697794266682,0.8688566662389324,0.6883668868133097,0.8732026063201176
73,0.05353587347939229,0.8374037683231322,0.8943924034389837,0.7169595283555465,0.8965383378473697
74,0.033021378412394,0.7608201504472297,0.877710766072116,0.7025102414299199,0.8818810353904768
75,0.07081548949629683,0.802246777813834,0.8920826382651097,0.709657648879726,0.8984745984383982
76,0.029687603892033676,0.8659392269432755,0.8916976774027974,0.7130728301766458,0.894975444975626
77,0.029311505993220962,0.9151638867409643,0.8922109585525472,0.6931954021264265,0.8923231384579019
78,0.10773854253643206,0.6935811926223908,0.8967021686128577,0.7155083920972352,0.8984647978100062
79,0.041108930231035914,0.7979325265295084,0.8916976774027974,0.7093530974591871,0.8935401421049861
80,0.027088383346657082,0.8992151865804632,0.8893879122289234,0.7112716572578456,0.8899994653407636
81,0.031773661235311085,0.958413225770758,0.8931092005646093,0.7114157961584419,0.893376239293717
82,0.029119560289310068,1.060069120717593,0.8770691646349288,0.6849876986972183,0.8803515396418158
83,0.05777865400920685,0.8592486650856211,0.8933658411394841,0.7126466779458146,0.8936709117673243
84,0.028906338564640956,0.8583914401284799,0.8782240472218658,0.7023423129808214,0.8804933635285828
85,0.03424235998127454,0.892667324620139,0.8837418195816759,0.7053465902756094,0.8885059704190013
86,0.03134096562892294,0.9698408369135564,0.8838701398691133,0.7025609596977803,0.8866392566715701
87,0.03685827624742695,1.114025402490247,0.8850250224560503,0.6759283095704794,0.8837401146452742
88,0.045132569280263456,0.8667444012267002,0.8870781470550494,0.7016049563756354,0.889522605049204
89,0.028308021303727286,1.0181012856815668,0.8933658411394841,0.7036677200268739,0.893410777264767
90,0.11508518921643174,0.7742301785703913,0.8933658411394841,0.7016880841843999,0.8929580126737174
91,0.028060519526942027,0.9597802721487652,0.8904144745284229,0.7114445624125397,0.893156715886099
92,0.030088095387797976,0.9872313212234415,0.8895162325163608,0.6960588347858248,0.8882891677575484
93,0.04425372337112503,0.8529592088753187,0.8873347876299242,0.7026078187220809,0.8892412989688124
94,0.04464163756494749,0.7976877901493492,0.8883613499294238,0.7125626757708864,0.8943247124882628
95,0.026466601499254748,0.9082879994405537,0.8895162325163608,0.7158115426975606,0.8926762489657984
96,0.07638344163694263,0.9713602499078143,0.8381881175413833,0.6676134745221257,0.8485291661012745
97,0.024732490490231046,0.9351686317398947,0.8879763890671115,0.7108485882775577,0.8914764020459907
98,0.025224283630468865,0.9068813253742913,0.8807904529706146,0.6913468470481562,0.8832398077628092
99,0.043313611145607875,0.8236101675607201,0.8779674066469909,0.6842232386629736,0.8819323189085133
100,0.04314048660657534,0.8452671645072853,0.8943924034389837,0.7106805547605411,0.8956070480994588
101,0.02112417559559097,0.9487361711604211,0.8802771718208648,0.690398102643589,0.8805115680730491
102,0.03354782602835308,1.004449242166083,0.8752726806108045,0.6748410204566145,0.879014797741976
103,0.03853095804142369,0.9093045798075499,0.8804054921083023,0.6860672321144691,0.8830102241850477
